,home page scrapped text
0,Class Central
1,Courses
2,Class Central
3,Rankings
4,Collections
5,Subjects
6,View all
7,Computer Science
8,Health & Medicine
9,Mathematics
10,Business
11,Humanities
12,Engineering
13,Science
14,Education & Teaching
15,Social Sciences
16,Art & Design
17,Data Science
18,Programming
19,Personal Development
20,Information Security (InfoSec)
21,View all Subjects
22,Universities
23,The Report
24,Courses from
25,1000+ universities
26,Rankings
27,Best Courses
28,Best of All Time
29,Best of the Year 2022
30,Best of the Year 2021
31,Most Popular Courses
32,Most Popular of All Time
33,Most Popular of the Year 2022
34,Most Popular of the Year 2021
35,Collections
36,Monthly Course Reports
37,Starting this Month
38,New Online Courses
39,Most Popular
40,Computer Science
41,Artificial Intelligence
42,Algorithms and Data Structures
43,Internet of Things
44,Information Technology
45,Computer Networking
46,Machine Learning
47,DevOps
48,Deep Learning
49,Cryptography
50,Quantum Computing
51,Human-Computer Interaction (HCI)
52,Distributed Systems
53,Blockchain Development
54,Operating Systems
55,Computer Graphics
56,View all Computer Science
57,Health & Medicine
58,Nutrition & Wellness
59,Disease & Disorders
60,Public Health
61,Health Care
62,Nursing
63,Anatomy
64,Veterinary Science
65,Continuing Medical Education (CME)
66,View all Health & Medicine
67,Mathematics
68,Statistics & Probability
69,Foundations of Mathematics
70,Calculus
71,Discrete Mathematics
72,Trigonometry
73,Geometry
74,Algebra
75,Precalculus
76,Number Theory
77,Combinatorics
78,Mathematical logic
79,Linear Programming
80,View all Mathematics
81,Business
82,Management & Leadership
83,Finance
84,Entrepreneurship
85,Marketing
86,Strategic Management
87,Industry Specific
88,Business Intelligence
89,Accounting
90,Human Resources
91,Project Management
92,Sales
93,Design Thinking
94,Business Software
95,Risk Management
96,Corporate Social Responsibility
97,Customer Service
98,Nonprofit Management
99,Innovation
100,Operations Management
101,View all Business
102,Humanities
103,History
104,Literature
105,Language Learning
106,Grammar & Writing
107,Philosophy
108,Religion
109,ESL
110,Culture
111,Sports
112,Journalism
113,Ethics
114,Linguistics
115,Food
116,Library Science
117,Reading
118,Crisis Management
119,View all Humanities
120,Engineering
121,Electrical Engineering
122,Mechanical Engineering
123,Civil Engineering
124,Robotics
125,Nanotechnology
126,GIS
127,Textiles
128,Manufacturing
129,BIM
130,CAD
131,Chemical Engineering
132,Energy Systems
133,Aerospace Engineering
134,View all Engineering
135,Science
136,Chemistry
137,Physics
138,Environmental Science
139,Astronomy
140,Biology
141,Agriculture
142,Materials Science
143,Earth Science
144,Applied Science
145,Forensic Science
146,View all Science
147,Education & Teaching
148,K12
149,Higher Education
150,STEM
151,Teacher Professional Development
152,Course Development
153,Online Education
154,Test Prep
155,Pedagogy
156,View all Education & Teaching
157,Social Sciences
158,Sociology
159,Economics
160,Psychology
161,Anthropology
162,Political Science
163,Law
164,Urban Planning
165,Human Rights
166,Sustainability
167,Governance
168,Archaeology
169,Social Work
170,View all Social Sciences
171,Art & Design
172,Music
173,Digital Media
174,Visual Arts
175,Design & Creativity
176,View all Art & Design
177,Data Science
178,Bioinformatics
179,Big Data
180,Data Mining
181,Data Analysis
182,Data Visualization
183,Jupyter Notebooks
184,View all Data Science
185,Programming
186,Mobile Development
187,Web Development
188,Databases
189,Game Development
190,Programming Languages
191,Software Development
192,Cloud Computing
193,View all Programming
194,Personal Development
195,Communication Skills
196,Career Development
197,Self Improvement
198,Presentation Skills
199,Resilience
200,View all Personal Development
201,Information Security (InfoSec)
202,Cybersecurity
203,Network Security
204,Ethical Hacking
205,Digital Forensics
206,Reverse Engineering
207,Penetration Testing
208,Malware Analysis
209,DevSecOps
210,OSINT (Open Source Intelligence)
211,Threat Intelligence
212,Information Security Certifications
213,Red Team
214,Blue Team
215,View all Information Security (InfoSec)
216,The Report
217,2022 Year in Review: The “New Normal” that Wasn’t
218,"The pandemic ushered in a “new normal” in online learning, but it culminated in layoffs and stock drops."
219,Dhawal Shah
220,"Jan 02, 2023"
221,Latest
222,"Review of Goldman Sachs 10,000 Women Courses"
223,10 Best Japanese Courses to Take in 2023
224,7 Best Erlang Courses to Take in 2023
225,Harvard CS50 Guide: How to Pick the Right Course (with Free Certificate)
226,10 Best CSS Animation Courses to Take in 2023
227,Visit
228,The Report
229,Organize and share your learning with Class Central Lists.
230,View our
231,Lists Showcase
232,Sign up
233,Log in
234,or
235,Sign up
236,Log in
237,Sign up
238,Find your next course.
239,"DDoS Attack on Class Central: Mitigation, SEO Impact, and Costs"
240,Trending
241,Most common
242,marketing
243,harvard
244,graphic design
245,Popular subjects
246,Digital Skills
247,209 courses
248,Programming
249,"24,443 courses"
250,Information Technology (IT) Certifications
251,504 courses
252,Popular courses
253,The Science of Happiness
254,"University of California, Berkeley"
255,Introduction to Financial Accounting
256,University of Pennsylvania
257,Cryptography I
258,Stanford University
259,Or browse by
260,subject
261,or
262,university
263,Learn more
264,Popular courses
265,Free Certificates
266,Ivy League
267,Stanford
268,Best of All Time
269,Computer Science
270,Sustainability
271,MIT
272,Google
273,Amazon
274,Business
275,Best Courses Guides
276,Deals and Discounts
277,"Find the best courses, wherever they exist"
278,~1000 Universities
279,Harvard University
280,Stanford University
281,IIT Kharagpur
282,MIT
283,Rice University
284,IIT Madras
285,Columbia University
286,Cornell University
287,U. of Edinburgh
288,Purdue University
289,U. of Pennsylvania
290,Duke University
291,U. of Michigan
292,Browse universities
293,70 Providers
294,Coursera
295,edX
296,FutureLearn
297,Udemy
298,Swayam
299,LinkedIn Learning
300,Skillshare
301,Browse providers
302,600+ Institutions
303,Google
304,Amazon
305,Microsoft
306,IBM
307,Smithsonian
308,United Nations
309,British Council
310,Browse institutions
311,Rankings
312,Tens of thousands of reviews written by Class Central users help you pick the best course.
313,View rankings
314,As seen in
315,National Public Radio
316,CNBC
317,Get the most out of
318,Class Central
319,with a
320,free account
321,50M
322,visitors
323,3M
324,sign-ups
325,"12,262"
326,sign ups in the past 7 days
327,30M
328,follows
329,"48,962"
330,follows in the past 7 days
331,13M
332,bookmarks
333,"52,414"
334,courses bookmarked in the past 7 days
335,700k
336,lists created
337,"11,094"
338,lists created in the past 7 days
339,Get the
340,latest news
341,and
342,analysis
343,in
344,online education.
345,Recent articles
346,RSS Feed
347,Harvard CS50 Guide: How to Pick the Right Course (with Free Certificate)
348,By Manoel Cortes Mendez
349,"Feb 7th, 2023"
350,Massive List of Chinese Online Course Platforms in 2023
351,By Rui Ma
352,"Feb 6th, 2023"
353,"FutureLearn Under New Leadership Expands Paywall, Restricts Course Binging"
354,By Pat Bowden
355,"Jan 31st, 2023"
356,"202K Courses, 662M Enrollments: Breaking Down Udemy’s Massive Catalog"
357,By Dhawal Shah
358,"Jan 25th, 2023"
359,"Domestika, the Online Learning Unicorn, Closes Global Offices and Downsizes Staff by 40%"
360,By Dhawal Shah
361,"Jan 23rd, 2023"
362,"Thinkific Lays Off 75 More Employees, After the 100 of Last March"
363,By Dhawal Shah
364,"Jan 16th, 2023"
365,"Udemy CEO to Retire, Replaced by President of Udemy Business"
366,By Dhawal Shah
367,"Jan 11th, 2023"
368,Harvard CS50 in 2023: How to Get a Free Certificate
369,By Manoel Cortes Mendez
370,"Jan 9th, 2023"
371,2022 Year in Review: The “New Normal” that Wasn’t
372,By Dhawal Shah
373,"Jan 2nd, 2023"
374,Best Courses Guides
375,10 Best Japanese Courses
376,Archisha Bhar
377,"Feb 8th, 2023"
378,7 Best Erlang Courses
379,Elham Nazif
380,"Feb 7th, 2023"
381,10 Best CSS Animation Courses
382,Kinjal Vora
383,"Feb 6th, 2023"
384,10 Best American Sign Language (ASL) Courses
385,Archisha Bhar
386,"Feb 1st, 2023"
387,10 Best Kubernetes Courses
388,Elham Nazif
389,"Jan 31st, 2023"
390,More on
391,The Report
392,Browse our popular
393,curated collections
394,Browse collections
395,Home
396,Home
397,Browse by subject
398,Computer Science
399,Psychology
400,Cybersecurity
401,Health
402,Law
403,Accounting
404,Web Development
405,Browse by provider
406,Coursera
407,edX
408,FutureLearn
409,Udacity
410,Swayam
411,Udemy
412,LinkedIn Learning
413,Browse by university
414,Harvard
415,Stanford
416,Georgia Tech
417,University of Michigan
418,Purdue University
419,Duke University
420,IIT Madras
421,Browse by institution
422,Google
423,Microsoft
424,IBM
425,Amazon
426,Linux Foundation
427,British Council
428,Salesforce
429,Rankings
430,Best Online Courses of All Time
431,Best Online Courses of the Year
432,Most Popular Courses of All Time
433,Most Popular Courses of the Year
434,250 Top FREE Coursera Courses of All Time
435,100 Top FREE edX Courses of All Time
436,250 Top Udemy Courses of All Time
437,The Report
438,by Class Central
439,RSS Feed
440,"The ""New Normal"" that Wasn't"
441,DDoS Attack on Class Central
442,500+ Online Degrees in India
443,Harvard's CS50 Free Certificate Guide
444,How Open University Works
445,Free Certificates & Courses
446,700+ Free Google Certificates
447,Free LinkedIn Learning Certificates
448,1600+ Free Coursera Courses
449,Ivy League Online Courses
450,175+ Free Writing Online Courses
451,About Class Central
452,"Class Central aggregates courses from many providers to help you find the best courses on almost any subject, wherever they exist."
453,Facebook
454,Twitter
455,LinkedIn
456,YouTube
457,Class Central © 2011-2023
458,Privacy Policy
459,About Us
460,Join Us
461,Help Center
462,Contact Us
463,Share
464,Facebook
465,Twitter
466,Email
467,Copy link
